Workbook

Sheet Instructions
A1: How to use this workbook
A2: Work through the 'Test Cases' sheet top to bottom. For each row set the Result cell (dropdown: Pass / Fail / Partial / N/A / Not run), and record what you saw in 'Actual / notes', plus your initials and the date. There are 131 cases across all feature areas. This is an internal self-check, not a formal/Quality validation. Use the Diagnostics sheet (or docs/Nucleus_Enhancer_Diagnostics.md) to capture detail when something misbehaves.
A3: Result colour key
A4: Pass | B4: Works as expected
A5: Fail | B5: Does not meet the expected result
A6: Partial | B6: Mostly works; note the caveat
A7: N/A | B7: Not applicable in this environment
A8: Not run | B8: Not yet tested
A9: Environment (record actuals)
A10: Browser + version | B10: Chrome ____ / Edge ____ (zoom 100%)
A11: OS | B11: Windows ____
A12: Salesforce org / sandbox | B12: ____
A13: Account & role | B13: ____ (admin / member / no-team)
A14: Extension version | B14: 3.0.0
A15: Tester | B15: ____
A16: Date | B16: ____

Sheet Test Cases
A1: CYFOR Nucleus Enhancer — Validation Results (v3.0.0)
A2: ID | B2: Area | C2: Feature | D2: Priority | E2: Pre-conditions | F2: Steps | G2: Expected result | H2: Result | I2: Actual / notes | J2: Tester | K2: Date
A3: Install & load
A4: I&L-01 | B4: Install & load | C4: Extension loads | D4: High | E4: Unpacked build loaded | F4: Open chrome://extensions | G4: Card shows, no errors; 'service worker' active (not 'errored')
A5: I&L-02 | B5: Install & load | C5: Content scripts inject | D5: High | E5: On a Salesforce Lightning page | F5: Open a Forensic Case / Exhibit Process record | G5: Injected UI appears (📄 button in Notes, nav arrows where applicable); page console shows no [Cyfor] errors
A6: I&L-03 | B6: Install & load | C6: Self-heal on update | D6: Medium | E6: A Salesforce tab already open | F6: Reload the extension (chrome://extensions ↻) WITHOUT refreshing the tab | G6: Injected features keep working / re-attach without a manual page refresh
A7: I&L-04 | B7: Install & load | C7: Service-worker fetch notice | D7: Low | E7: Edge extensions page | F7: Inspect the extension card | G7: Any 'unknown error fetching the script' is benign for unpacked builds; the worker still responds to a test command (Diagnostics §3)
A8: Popup — connection
A9: P—C-01 | B9: Popup — connection | C9: Initial state | D9: High | E9: Extension installed | F9: Open the popup before connecting | G9: Header 'Nucleus Enhancer' + version; connection shows 'Checking…' then 'Not connected'
A10: P—C-02 | B10: Popup — connection | C10: Connect Salesforce | D10: High | E10: Valid SF login | F10: Click 'Connect Salesforce', complete OAuth | G10: Returns connected: avatar, name, email; badge flips to connected
A11: P—C-03 | B11: Popup — connection | C11: Sync now | D11: High | E11: Connected | F11: Click 'Sync Now' | G11: Status shows syncing then 'N official templates · Last synced just now'
A12: P—C-04 | B12: Popup — connection | C12: Disconnect | D12: Medium | E12: Connected | F12: Click 'Disconnect' | G12: Returns to 'Not connected'; Quick Insert official count drops
A13: P—C-05 | B13: Popup — connection | C13: Offline handling | D13: Medium | E13: Disconnected / no network | F13: Open popup | G13: No crash; clear not-connected state; Quick Insert still lists local templates only
A14: Quick Insert
A15: QI-01 | B15: Quick Insert | C15: Loaded count | D15: Medium | E15: Templates synced/uploaded | F15: Open popup Quick Insert | G15: Badge shows 'N loaded'; dropdown 'Select template…' lists templates A–Z
A16: QI-02 | B16: Quick Insert | C16: Insert into active tab | D16: High | E16: On a SF Notes/Forensic Strategy field; template selected | F16: Click 'Insert into Active Tab' | G16: Template inserted into the active editor; popup closes; status '"name" sent ✓'
A17: QI-03 | B17: Quick Insert | C17: Insert with no editor | D17: Medium | E17: Not on an editor field | F17: Click Insert | G17: Clear message e.g. 'Navigate to a Salesforce page first' / 'click inside the Notes…'
A18: QI-04 | B18: Quick Insert | C18: Pin / unpin | D18: Medium | E18: Template selected | F18: Click ☆ | G18: Toggles ☆/★; pinned templates appear first in every menu; persists after reopen
A19: QI-05 | B19: Quick Insert | C19: Preview | D19: Low | E19: Template selected | F19: Click 'Preview' | G19: Preview pane shows up to ~400 chars; closes with ✕
A20: QI-06 | B20: Quick Insert | C20: Edit local vs official | D20: Medium | E20: Select an Official template | F20: Click 'Edit' | G20: Editor opens read-only with note that official templates are managed in Salesforce; Save disabled
A21: Core toggles
A22: CT-01 | B22: Core toggles | C22: Right-Click Quick-Fill | D22: Medium | E22: Popup open | F22: Toggle off, test a date field; toggle on | G22: Off = native menu; On = quick-fill works; state persists
A23: CT-02 | B23: Core toggles | C23: Right-Click Template Menu | D23: Medium | E23: Popup open | F23: Toggle off/on, right-click in Notes | G23: Off = no template menu; On = menu appears; persists
A24: CT-03 | B24: Core toggles | C24: Nav Arrows | D24: Low | E24: On Exhibit Process | F24: Toggle off/on | G24: Arrows/shortcuts disabled/enabled accordingly
A25: CT-04 | B25: Core toggles | C25: Format List Notes | D25: Low | E25: List view with notes | F25: Toggle off/on | G25: Notes formatting applied only when on
A26: CT-05 | B26: Core toggles | C26: Smart Auto-Insert | D26: Low | E26: New record form | F26: Toggle on; open empty Notes on a mapped process | G26: Template auto-inserted (toast 'Auto-inserted …'); off = suggestion only
A27: Columns
A28: C-01 | B28: Columns | C28: Detect columns | D28: Low | E28: List view open | F28: Open popup Table Columns | G28: Current table's columns listed; 'Scanning…' resolves
A29: C-02 | B29: Columns | C29: Reorder + reset | D29: Medium | E29: Columns listed | F29: Drag to reorder; then 'Reset' | G29: Table follows the drag live; Reset returns BOTH the live table AND the popup list to Salesforce's natural order
A30: C-03 | B30: Columns | C30: Save / load / overwrite preset | D30: Low | E30: Reordered | F30: Save Preset (name it); reorder differently; Load the preset from the dropdown; re-save under the same name | G30: Load APPLIES instantly to the live table (not just a popup preview); re-saving an existing name asks to confirm overwrite
A31: Process mappings
A32: PM-01 | B32: Process mappings | C32: Map process→template | D32: Low | E32: Templates loaded; Sense Check type exists | F32: Expand Process → Template Mappings; map a type incl. 'Sense Check' | G32: Mapping saved; used by Smart Auto-Insert/suggestion
A33: Template upload
A34: TU-01 | B34: Template upload | C34: Upload local .txt | D34: Low | E34: Have .txt files | F34: Select Template Folder | G34: 'N user templates loaded · M official'; official always win name clashes
A35: TU-02 | B35: Template upload | C35: Clear all | D35: Low | E35: Local templates loaded | F35: Click 'Clear All Templates' | G35: Local templates removed; official remain
A36: Theme
A37: T-01 | B37: Theme | C37: Picker Auto/Light/Dark | D37: Medium | E37: Popup open | F37: Click each theme option | G37: Popup restyles immediately; selected button pressed-state
A38: T-02 | B38: Theme | C38: Live switch to manager | D38: High | E38: Manager open in another tab | F38: Change theme in popup | G38: Open manager re-themes live with NO refresh
A39: T-03 | B39: Theme | C39: Live switch to page UI | D39: Medium | E39: SF page open | F39: Change theme | G39: Injected UI (menus/toasts) follows the theme
A40: T-04 | B40: Theme | C40: Auto follows OS | D40: Low | E40: Theme = Auto | F40: Change OS light/dark | G40: Surfaces follow the OS without refresh
A41: Banners
A42: B-01 | B42: Banners | C42: Welcome banner | D42: Low | E42: First run | F42: Open popup | G42: 'Welcome to Nucleus Enhancer 👋' shows; dismiss persists
A43: B-02 | B43: Banners | C43: What's New | D43: Low | E43: After update | F43: Open popup | G43: 'What's new' shows once; dismiss persists
A44: B-03 | B44: Banners | C44: Help & tips | D44: Low | E44: Popup open | F44: Expand Help & tips | G44: All listed tips accurate to current behaviour
A45: Right-click
A46: R-01 | B46: Right-click | C46: Date fill (British) | D46: High | E46: Date field on a form | F46: Right-click the date field | G46: Fills today as DD/MM/YYYY; toast 'Date set to 20/06/2026'
A47: R-02 | B47: Right-click | C47: Time fill (24h) | D47: High | E47: Time field | F47: Right-click the time field | G47: Fills now as HH:MM (24h); toast 'Time set to 14:30'
A48: R-03 | B48: Right-click | C48: Status cycle | D48: Medium | E48: Status combobox | F48: Right-click repeatedly | G48: Cycles Awaiting Start→In Progress→Completed…; toast each step
A49: R-04 | B49: Right-click | C49: Completed/Sealed By | D49: High | E49: User lookup labelled Completed By/Sealed By | F49: Right-click the field | G49: Opens lookup, selects current user; toast 'Set to <you>'
A50: R-05 | B50: Right-click | C50: Conducted By / Assigned Staff | D50: Medium | E50: Those user lookups | F50: Right-click | G50: Same self-fill behaviour
A51: R-06 | B51: Right-click | C51: Exhibit Type marker | D51: High | E51: Exhibit Name contains a marker (SIM/MEM/SD/USB/HDD) | F51: Right-click Exhibit Type picklist | G51: Auto-selects SIM Card / Memory Card / USB Drive / Hard Drive accordingly; toast
A52: R-07 | B52: Right-click | C52: Exhibit Type no marker | D52: Medium | E52: Exhibit Name has no marker | F52: Right-click Exhibit Type | G52: Does nothing intrusive; a second right-click gives native menu
A53: R-08 | B53: Right-click | C53: Forensic Case lookup | D53: Medium | E53: Forensic Case lookup field | F53: Right-click | G53: Opens lookup, picks latest real case; toast 'Forensic case set to …' (no glued date)
A54: R-09 | B54: Right-click | C54: Zoom 100% reliability | D54: High | E54: Browser at 100% | F54: Right-click date & exhibit-type fields a few times | G54: Works first time every time (re: the zoom root-cause)
A55: R-10 | B55: Right-click | C55: Selectivity | D55: Medium | E55: A non-target field | F55: Right-click a plain text field | G55: No quick-fill fires; native menu as normal
A56: Templates
A57: T-05 | B57: Templates | C57: Button opens menu | D57: High | E57: Notes/Forensic Strategy field | F57: Click 📄 (single click, even unfocused) | G57: Menu opens first click; title shows count
A58: T-06 | B58: Templates | C58: Alt+T | D58: Medium | E58: Active editor | F58: Press Alt+T | G58: Template menu opens on the first visible editor
A59: T-07 | B59: Templates | C59: Search + categories | D59: Medium | E59: 4+ templates / 2+ categories | F59: Type in search; pick a category | G59: Filters live; matches highlighted; category filter works
A60: T-08 | B60: Templates | C60: Recents + pins + badges | D60: Low | E60: Some recents/pins/official | F60: Open menu | G60: Recently used section; ★ pinned first; Official/Built-in badges; hover preview
A61: T-09 | B61: Templates | C61: Variable substitution | D61: High | E61: Template with all variables | F61: Insert into Notes | G61: {{date}}/{{time}}/{{dateTime}} British; {{examiner}}/{{caseRef}}/{{teamName}} resolved or [placeholder]
A62: T-10 | B62: Templates | C62: Undo (Alt+Z / toast) | D62: High | E62: Just inserted a template | F62: Press Alt+Z or click Undo | G62: Insertion removed; toast 'Undid "name" (just now)'
A63: T-11 | B63: Templates | C63: Forensic Strategy priority | D63: Low | E63: On a Forensic Strategy field | F63: Open menu | G63: Forensic Strategy template floated to top
A64: Rich-text insert
A65: RI-01 | B65: Rich-text insert | C65: Multi-block faithful | D65: High | E65: Rich template (paras, list, colour, bold) saved | F65: Insert into Forensic Strategy | G65: ALL content appears (not just first line); formatting preserved within Quill's limits
A66: RI-02 | B66: Rich-text insert | C66: Indented bullets | D66: High | E66: Template with indented bullets | F66: Insert | G66: Bullets survive; nothing after them is dropped (div→p + list repair)
A67: RI-03 | B67: Rich-text insert | C67: Colour & size | D67: Medium | E67: Template with coloured/sized text | F67: Insert | G67: Colour and size carried through; default text renders black
A68: RI-04 | B68: Rich-text insert | C68: Plain template | D68: Medium | E68: Plain-text template | F68: Insert | G68: Inserts as plain text, unchanged behaviour
A69: RI-05 | B69: Rich-text insert | C69: Tables stripped gracefully | D69: Low | E69: Content that had a table pasted | F69: Insert | G69: No table (Quill limit) but surrounding text intact; no corruption
A70: Notes format
A71: NF-01 | B71: Notes format | C71: List-view expansion | D71: Low | E71: List view with a Notes column | F71: View the column | G71: Concatenated notes expanded into readable blocks; words un-glued; pinned-light styling readable
A72: Navigation
A73: N-01 | B73: Navigation | C73: Alt+←/→ | D73: Medium | E73: Exhibit Process record from a list | F73: Press Alt+← / Alt+→ | G73: Moves to prev/next record in list order
A74: N-02 | B74: Navigation | C74: Counter + bounds | D74: Low | E74: Navigating | F74: Observe counter; reach list ends | G74: Counter '3 / 12' fades ~3s; buttons disable at start/end
A75: N-03 | B75: Navigation | C75: Large list loads fully | D75: High | E75: Case with >21 processes | F75: Open it; click the first process | G75: Count shows the FULL total (e.g. 1/42), not 1/21; list briefly dims then settles at the top; stepping covers all
A76: N-04 | B76: Navigation | C76: Revisit uses cache | D76: Low | E76: A case opened before (count unchanged) | F76: Re-open the same case; click a process | G76: Instant, no dim (served from cache); count still correct. Add a process then revisit → it reloads
A77: Case alias
A78: CA-01 | B78: Case alias | C78: Shown where SF doesn't | D78: Medium | E78: A forensic case that has a Project/alias | F78: Open a Task related to it; open the Recently Viewed cases list | G78: The project alias appears next to the case (e.g. 'CY-26-0542 · Tioga'); cases with no alias show nothing
A79: CA-02 | B79: Case alias | C79: Not duplicated | D79: Low | E79: A list that already has a Project column (Examiner Team / All) | F79: Open it | G79: No extra alias added — the existing Project column is left alone
A80: CA-03 | B80: Case alias | C80: Live toggle | D80: Low | E80: Aliases showing on a page | F80: Turn 'Show Case Project / Alias' off, then on — WITHOUT refreshing | G80: Off = aliases vanish immediately; On = they reappear immediately. No page refresh needed. (If the org has no Project field, the feature is silently inert)
A81: Photo download
A82: PD-01 | B82: Photo download | C82: Download All | D82: Medium | E82: Uploaded Documents section with photos | F82: Click 'Download All' → Start | G82: Files download; progress toasts; success count; button resets
A83: PD-02 | B83: Photo download | C83: No photos / errors | D83: Low | E83: Section with no photos | F83: Click Download All | G83: Clear warning 'No photographs found'; no crash
A84: Case report
A85: CR-01 | B85: Case report | C85: Export from page | D85: High | E85: Forensic Case record | F85: Click 'Export Case Report' in the action bar | G85: Sanitised HTML report downloads; success toast
A86: CR-02 | B86: Case report | C86: Export from popup | D86: Medium | E86: On a case page | F86: Popup → 'Export Current Case' | G86: Popup closes; report generates on the page
A87: CR-03 | B87: Case report | C87: Button gating | D87: Medium | E87: Not a case page | F87: Check popup/page | G87: Button disabled with hint to open a Forensic Case
A88: CR-04 | B88: Case report | C88: Sanitisation | D88: High | E88: Report generated | F88: Open the HTML; check content | G88: Commercially-sensitive content stripped; case data correct; Save-as-PDF view works
A89: Manager
A90: M-01 | B90: Manager | C90: Views present | D90: Medium | E90: Admin, manager open | F90: Click Templates / Reviews / Usage / About | G90: Each view loads; correct subtitle; 'At a glance' tiles (Active/Due ≤30/Overdue/Teams)
A91: M-02 | B91: Manager | C91: List columns & badges | D91: Medium | E91: Templates view | F91: Inspect the table | G91: Headers Doc ID/Name/Version/Status/Category/Scope/Review Due/Actions; status & scope badges correct; own team highlighted
A92: M-03 | B92: Manager | C92: Search & sort | D92: Medium | E92: Several templates | F92: Use filter; click sortable headers | G92: Filters by name/category/team; sort indicators work
A93: M-04 | B93: Manager | C93: Review Due formatting | D93: Medium | E93: Templates with review dates | F93: Inspect Review Due | G93: British DD/MM/YYYY; overdue red, ≤30d amber, with tooltips
A94: M-05 | B94: Manager | C94: Bulk ops | D94: Medium | E94: Admin; rows selected | F94: Use bulk bar (set status / move team / delete) | G94: Applies sequentially with progress; failures reported; no version snapshot for metadata-only
A95: Manager edit
A96: ME-01 | B96: Manager edit | C96: Create template | D96: High | E96: Admin | F96: New Template → fill → Save to Salesforce | G96: Saved; appears in list; effective/review dates British; v1.0
A97: ME-02 | B97: Manager edit | C97: Edit content → version bump | D97: High | E97: Existing template | F97: Change CONTENT, pick minor/major, give reason, save | G97: Version bumps; reason required; new history snapshot
A98: ME-03 | B98: Manager edit | C98: Metadata-only edit | D98: Medium | E98: Existing template | F98: Change only status/team/date, save | G98: No version bump; no reason required; no new snapshot
A99: ME-04 | B99: Manager edit | C99: Clone as draft | D99: Medium | E99: Existing template | F99: Clone | G99: Opens new editor, status Draft, name '(Copy)', reason prefilled
A100: ME-05 | B100: Manager edit | C100: Delete with history | D100: Medium | E100: Template with versions | F100: Delete → confirm | G100: Child versions removed first, then template; clear messaging
...

Sheet Summary
A1: Summary
A2: Overall (live counts from the Result column)
A3: Pass | B3: =of:=COUNTIF('Test Cases'!H3:H400,"Pass") -> #VALUE!
A4: Fail | B4: =of:=COUNTIF('Test Cases'!H3:H400,"Fail") -> #VALUE!
A5: Partial | B5: =of:=COUNTIF('Test Cases'!H3:H400,"Partial") -> #VALUE!
A6: N/A | B6: =of:=COUNTIF('Test Cases'!H3:H400,"N/A") -> #VALUE!
A7: Not run | B7: =of:=COUNTIF('Test Cases'!H3:H400,"Not run") -> #VALUE!
A8: Total cases | B8: =of:=COUNTA('Test Cases'!A3:A400)-COUNTIF('Test Cases'!D3:D400,"") -> #VALUE!
A9: Per-area (Pass / Fail)
A10: Install & load | B10: =of:=COUNTIFS('Test Cases'!B3:B400,"Install & load",'Test Cases'!H3:H400,"Pass") -> #VALUE!
A11: Popup — connection | B11: =of:=COUNTIFS('Test Cases'!B3:B400,"Popup — connection",'Test Cases'!H3:H400,"Pass") -> #VALUE!
A12: Quick Insert | B12: =of:=COUNTIFS('Test Cases'!B3:B400,"Quick Insert",'Test Cases'!H3:H400,"Pass") -> #VALUE!
A13: Core toggles | B13: =of:=COUNTIFS('Test Cases'!B3:B400,"Core toggles",'Test Cases'!H3:H400,"Pass") -> #VALUE!
A14: Columns | B14: =of:=COUNTIFS('Test Cases'!B3:B400,"Columns",'Test Cases'!H3:H400,"Pass") -> #VALUE!
A15: Process mappings | B15: =of:=COUNTIFS('Test Cases'!B3:B400,"Process mappings",'Test Cases'!H3:H400,"Pass") -> #VALUE!
A16: Template upload | B16: =of:=COUNTIFS('Test Cases'!B3:B400,"Template upload",'Test Cases'!H3:H400,"Pass") -> #VALUE!
A17: Theme | B17: =of:=COUNTIFS('Test Cases'!B3:B400,"Theme",'Test Cases'!H3:H400,"Pass") -> #VALUE!
A18: Banners | B18: =of:=COUNTIFS('Test Cases'!B3:B400,"Banners",'Test Cases'!H3:H400,"Pass") -> #VALUE!
A19: Right-click | B19: =of:=COUNTIFS('Test Cases'!B3:B400,"Right-click",'Test Cases'!H3:H400,"Pass") -> #VALUE!
A20: Templates | B20: =of:=COUNTIFS('Test Cases'!B3:B400,"Templates",'Test Cases'!H3:H400,"Pass") -> #VALUE!
A21: Rich-text insert | B21: =of:=COUNTIFS('Test Cases'!B3:B400,"Rich-text insert",'Test Cases'!H3:H400,"Pass") -> #VALUE!
A22: Notes format | B22: =of:=COUNTIFS('Test Cases'!B3:B400,"Notes format",'Test Cases'!H3:H400,"Pass") -> #VALUE!
A23: Navigation | B23: =of:=COUNTIFS('Test Cases'!B3:B400,"Navigation",'Test Cases'!H3:H400,"Pass") -> #VALUE!
A24: Case alias | B24: =of:=COUNTIFS('Test Cases'!B3:B400,"Case alias",'Test Cases'!H3:H400,"Pass") -> #VALUE!
A25: Photo download | B25: =of:=COUNTIFS('Test Cases'!B3:B400,"Photo download",'Test Cases'!H3:H400,"Pass") -> #VALUE!
A26: Case report | B26: =of:=COUNTIFS('Test Cases'!B3:B400,"Case report",'Test Cases'!H3:H400,"Pass") -> #VALUE!
A27: Manager | B27: =of:=COUNTIFS('Test Cases'!B3:B400,"Manager",'Test Cases'!H3:H400,"Pass") -> #VALUE!
A28: Manager edit | B28: =of:=COUNTIFS('Test Cases'!B3:B400,"Manager edit",'Test Cases'!H3:H400,"Pass") -> #VALUE!
A29: RTE editor | B29: =of:=COUNTIFS('Test Cases'!B3:B400,"RTE editor",'Test Cases'!H3:H400,"Pass") -> #VALUE!
A30: Teams | B30: =of:=COUNTIFS('Test Cases'!B3:B400,"Teams",'Test Cases'!H3:H400,"Pass") -> #VALUE!
A31: History | B31: =of:=COUNTIFS('Test Cases'!B3:B400,"History",'Test Cases'!H3:H400,"Pass") -> #VALUE!
A32: Usage | B32: =of:=COUNTIFS('Test Cases'!B3:B400,"Usage",'Test Cases'!H3:H400,"Pass") -> #VALUE!
A33: Read-only | B33: =of:=COUNTIFS('Test Cases'!B3:B400,"Read-only",'Test Cases'!H3:H400,"Pass") -> #VALUE!
A34: Dark mode | B34: =of:=COUNTIFS('Test Cases'!B3:B400,"Dark mode",'Test Cases'!H3:H400,"Pass") -> #VALUE!
A35: Background | B35: =of:=COUNTIFS('Test Cases'!B3:B400,"Background",'Test Cases'!H3:H400,"Pass") -> #VALUE!
A36: Diagnostics | B36: =of:=COUNTIFS('Test Cases'!B3:B400,"Diagnostics",'Test Cases'!H3:H400,"Pass") -> #VALUE!
A37: Security | B37: =of:=COUNTIFS('Test Cases'!B3:B400,"Security",'Test Cases'!H3:H400,"Pass") -> #VALUE!
A38: Acknowledgements | B38: =of:=COUNTIFS('Test Cases'!B3:B400,"Acknowledgements",'Test Cases'!H3:H400,"Pass") -> #VALUE!
A39: Suggestions | B39: =of:=COUNTIFS('Test Cases'!B3:B400,"Suggestions",'Test Cases'!H3:H400,"Pass") -> #VALUE!
A40: UX | B40: =of:=COUNTIFS('Test Cases'!B3:B400,"UX",'Test Cases'!H3:H400,"Pass") -> #VALUE!

Sheet Diagnostics
A1: Diagnostics quick reference
A2: Capture a diagnostic log (easy) | B2: Popup → Diagnostics → switch ON 'Capture diagnostic log'. Refresh the Salesforce tab, reproduce the issue / run the tests, then Popup → 'Download log' to save a .txt to send to support. (The spreadsheet is your Pass/Fail record; this log is just technical detail for diagnosing failures.)
A3: Manual toggle (advanced) | B3: Service-worker console: chrome.storage.local.set({ cyforDebug: true }); then refresh the Salesforce tab. Disable with false.
A4: Open the service-worker console | B4: chrome://extensions → CYFOR Nucleus Enhancer → 'Inspect views: service worker'.
A5: Content-script logs | B5: Appear in the PAGE console (F12 on the Salesforce tab). Filter with [Cyfor.
A6: Inspect stored state | B6: chrome.storage.local.get(null, console.log) · sfOAuthUser · sfRemoteTemplates / sfTemplatesSyncedAt · usageLogError
A7: Force a sync | B7: chrome.runtime.sendMessage({action:'sfTemplates.sync', forceRefresh:true}, console.log)
A8: Check multi-team / limits | B8: chrome.runtime.sendMessage({action:'sfTemplates.listAll'}, r=>console.log(r.fields)) → fields.teamsMulti, fields.contentMaxLength
A9: Insertion path | B9: [Cyfor:insert] method = paste (good) vs insertHTML/innerHTML (fallback) — if rich content is lost, capture this.
A10: Right-click native menu | B10: Set browser zoom to 100% (zoom shifts elementFromPoint).
A11: Full cheat-sheet | B11: docs/Nucleus_Enhancer_Diagnostics.md
